"Grounding Query","Intent","Topic","Citations","Citation Share"
"libryo","Others","Technology","862","15.78%"
"grc software","","","482","16.66%"
"sheq","","","318","3.26%"
"sheqman","","","219","25.09%"
"erm software","","","131","12.82%"
"which step in the risk management life cycle involves selecting and implementing actions to address identified risks and evaluating the effectiveness of controls?","","","80","28.27%"
"erp vs erm","Comparison","Enterprise Software (ERP, CRM)","68","27.42%"
"she management system","Informational","Enterprise Software (ERP, CRM)","54","21.01%"
"GRC function software category way of working","","","54","28.57%"
"corporate governance software definition purpose","","","38","19.39%"
"GRC software definition and purpose","Informational","Risk Management Services","28","31.82%"
"grc tool meaning","","","28","11.91%"
"what is sheqman","","","20","22.22%"
"ppe compliance checklist","","","20","35.71%"
"GRC tools definition and functions","","","19","24.05%"
"policy management support culture of compliance","Informational","Industry Regulations & Compliance","16","32.00%"
"enterprise risk management system","Informational","Risk Management Services","16","16.33%"
"sheq x","Others","Regulations","16","44.44%"
"what is grc software","","","16","47.06%"
"iso 27001 gap assessment checklist","","","13","39.39%"
"enterprise risk management software definition explanation","","","13","12.15%"
"enterprise risk management software definition overview","","","12","20.69%"
"erm vs erp","","","12","50.00%"
"what is grc and erm?","Informational","Risk Management Services","10","25.00%"
"libryo legal register","Informational","Legal Services & Lawyers","10","18.52%"
"managing AI risk when adoption outpaces policy","","","9","19.15%"
"importance of third-party regulatory compliance consulting for business growth","","","6","6.98%"
"managing AI risk when teams adopt faster than company policies","","","5","18.52%"
"why is incident reporting critical in sheq management?","","","4","14.81%"
