"Date","Citations","Cited Pages"
"7/3/2026 12:00:00 AM","25","2"
"7/4/2026 12:00:00 AM","6","2"
"7/5/2026 12:00:00 AM","20","2"
"7/6/2026 12:00:00 AM","37","3"
"7/7/2026 12:00:00 AM","18","2"
"7/8/2026 12:00:00 AM","22","3"
"7/9/2026 12:00:00 AM","33","6"
"7/10/2026 12:00:00 AM","24","4"
"7/11/2026 12:00:00 AM","0","0"
"7/12/2026 12:00:00 AM","1","1"
"7/13/2026 12:00:00 AM","31","2"
"7/14/2026 12:00:00 AM","51","4"
"7/15/2026 12:00:00 AM","41","4"
"7/16/2026 12:00:00 AM","14","2"
"7/17/2026 12:00:00 AM","0","0"
"7/18/2026 12:00:00 AM","18","4"
"7/19/2026 12:00:00 AM","0","0"
"7/20/2026 12:00:00 AM","15","3"
"7/21/2026 12:00:00 AM","28","3"
"7/22/2026 12:00:00 AM","3","1"
"7/23/2026 12:00:00 AM","8","3"
"7/24/2026 12:00:00 AM","3","1"
"7/25/2026 12:00:00 AM","1","1"
"7/26/2026 12:00:00 AM","3","2"
"7/27/2026 12:00:00 AM","4","2"
"7/28/2026 12:00:00 AM","15","3"
"7/29/2026 12:00:00 AM","13","2"
"7/30/2026 12:00:00 AM","18","1"
"7/31/2026 12:00:00 AM","19","2"
"8/1/2026 12:00:00 AM","0","0"
"8/2/2026 12:00:00 AM","9","4"
"8/3/2026 12:00:00 AM","32","4"
"8/4/2026 12:00:00 AM","35","3"
"8/5/2026 12:00:00 AM","14","4"
"8/6/2026 12:00:00 AM","33","5"
"8/7/2026 12:00:00 AM","27","7"
"8/8/2026 12:00:00 AM","21","4"
"8/9/2026 12:00:00 AM","28","7"
"8/10/2026 12:00:00 AM","52","8"
"8/11/2026 12:00:00 AM","33","5"
"8/12/2026 12:00:00 AM","61","10"
"8/13/2026 12:00:00 AM","46","11"
"8/14/2026 12:00:00 AM","31","6"
"8/15/2026 12:00:00 AM","15","4"
"8/16/2026 12:00:00 AM","22","7"
"8/17/2026 12:00:00 AM","11","5"
"8/18/2026 12:00:00 AM","51","7"
"8/19/2026 12:00:00 AM","30","7"
"8/20/2026 12:00:00 AM","18","4"
"8/21/2026 12:00:00 AM","6","1"
"8/22/2026 12:00:00 AM","0","0"
"8/23/2026 12:00:00 AM","22","2"
"8/24/2026 12:00:00 AM","49","3"
"8/25/2026 12:00:00 AM","102","7"
"8/26/2026 12:00:00 AM","109","10"
"8/27/2026 12:00:00 AM","196","9"
"8/28/2026 12:00:00 AM","95","6"
"8/29/2026 12:00:00 AM","28","6"
"8/30/2026 12:00:00 AM","39","7"
"8/31/2026 12:00:00 AM","71","8"
"9/1/2026 12:00:00 AM","55","7"
"9/2/2026 12:00:00 AM","135","10"
"9/3/2026 12:00:00 AM","101","9"
"9/4/2026 12:00:00 AM","90","8"
"9/5/2026 12:00:00 AM","54","5"
"9/6/2026 12:00:00 AM","39","9"
"9/7/2026 12:00:00 AM","65","11"
"9/8/2026 12:00:00 AM","125","10"
"9/9/2026 12:00:00 AM","86","4"
"9/10/2026 12:00:00 AM","100","11"
"9/11/2026 12:00:00 AM","130","10"
"9/12/2026 12:00:00 AM","30","8"
"9/13/2026 12:00:00 AM","29","6"
"9/14/2026 12:00:00 AM","105","11"
"9/15/2026 12:00:00 AM","100","13"
"9/16/2026 12:00:00 AM","124","10"
"9/17/2026 12:00:00 AM","133","10"
"9/18/2026 12:00:00 AM","80","10"
"9/19/2026 12:00:00 AM","14","5"
"9/20/2026 12:00:00 AM","37","8"
"9/21/2026 12:00:00 AM","88","12"
"9/22/2026 12:00:00 AM","91","9"
"9/23/2026 12:00:00 AM","107","14"
"9/24/2026 12:00:00 AM","65","8"
"9/25/2026 12:00:00 AM","68","8"
"9/26/2026 12:00:00 AM","43","8"
"9/27/2026 12:00:00 AM","23","3"
"9/28/2026 12:00:00 AM","89","10"
"9/29/2026 12:00:00 AM","62","5"
"9/30/2026 12:00:00 AM","69","9"
